<?xml version="1.0" encoding="ISO-8859-1"?>
<eml:eml xmlns:eml="eml://ecoinformatics.org/eml-2.1.1" xmlns:dc="http://purl.org/dc/terms/" xmlns:xsi="http://www.w3.org/2001/XMLSchema-instance" xsi:schemaLocation="eml://ecoinformatics.org/eml-2.1.1 http://rs.gbif.org/schema/eml-gbif-profile/1.0.1/eml.xsd" packageId="0ec0b128-7ce0-413c-a9e2-c121064b48ec" system="https://symbiota.org" scope="system" xml:lang="eng"><dataset><alternateIdentifier>https://www.mycoportal.org/portal/collections/misc/collprofiles.php?collid=70</alternateIdentifier><title xml:lang="eng">University of Cincinnati, Margaret H. Fulford Herbarium - Fungi</title><creator><organizationName>MyCoPortal </organizationName><electronicMailAddress>help@mycoportal.org</electronicMailAddress><onlineUrl>https://www.mycoportal.org/portal/index.php</onlineUrl></creator><metadataProvider><organizationName>MyCoPortal </organizationName><electronicMailAddress>help@mycoportal.org</electronicMailAddress><onlineUrl>https://www.mycoportal.org/portal/index.php</onlineUrl></metadataProvider><pubDate>2022-02-16</pubDate><language>eng</language><abstract><para>The herbarium at the University of Cincinnati was founded by Margaret Fulford in 1920s and has grown over the years through the work of prolific collectors and through acquisition of several large and important collections. Today, the herbarium houses around 125,000 specimens of vascular plants, bryophytes, lichens, fungi, and algae, making it the third largest herbarium in Ohio. In addition to the large collection of regional and North American material, it also contains extensive collections from Europe, South America, the Caribbean Basin, Samoa, and China. Particular strengths of the herbarium are North American Sphagnum, South American and Caribbean Hepatics, North American Cladonia, and Trilliaceae.</para></abstract><contact><organizationName>University of Cincinnati, Margaret H. Fulford Herbarium - Fungi</organizationName><phone>513-556-9700</phone><electronicMailAddress>eric.tepe@uc.edu</electronicMailAddress><onlineUrl>https://herbariumcinc.com</onlineUrl><addr><deliveryPoint>University of Cincinnati, 318 College Dr.</deliveryPoint><city>Cincinnati</city><administrativeArea>OH</administrativeArea><postalCode>45221-0006</postalCode><country>USA</country></addr></contact><associatedParty><individualName><surName>Eric Tepe, Curator</surName><givenName></givenName></individualName><electronicMailAddress>eric.tepe@uc.edu</electronicMailAddress><role>contentProvider</role></associatedParty><intellectualRights><para>To the extent possible under law, the publisher has waived all rights to these data and has dedicated them to the <ulink url="http://creativecommons.org/publicdomain/zero/1.0/"><citetitle></citetitle></ulink></para></intellectualRights></dataset><additionalMetadata><metadata><symbiota><dateStamp>2022-02-16T14:47:21-07:00</dateStamp><citation identifier="2999ad9e-269b-4540-828b-a34514f8a633">MyCoPortal  - 2999ad9e-269b-4540-828b-a34514f8a633</citation><physical><characterEncoding>ISO-8859-1</characterEncoding><dataFormat><externallyDefinedFormat><formatName>Darwin Core Archive</formatName></externallyDefinedFormat></dataFormat></physical><collection identifier="a999d4c6-4c06-4515-9af3-a7e63b31c0f9" id="70"><alternateIdentifier>https://www.mycoportal.org/portal/collections/misc/collprofiles.php?collid=70</alternateIdentifier><parentCollectionIdentifier>CINC</parentCollectionIdentifier><collectionIdentifier></collectionIdentifier><collectionName>University of Cincinnati, Margaret H. Fulford Herbarium - Fungi</collectionName><resourceLogoUrl>https://www.mycoportal.org/portal/content/collicon/cinc.jpg</resourceLogoUrl><onlineUrl>https://herbariumcinc.com</onlineUrl><intellectualRights>http://creativecommons.org/publicdomain/zero/1.0/</intellectualRights><associatedParty><individualName><surName>Eric Tepe, Curator</surName><givenName></givenName></individualName><electronicMailAddress>eric.tepe@uc.edu</electronicMailAddress></associatedParty><abstract><para>The herbarium at the University of Cincinnati was founded by Margaret Fulford in 1920s and has grown over the years through the work of prolific collectors and through acquisition of several large and important collections. Today, the herbarium houses around 125,000 specimens of vascular plants, bryophytes, lichens, fungi, and algae, making it the third largest herbarium in Ohio. In addition to the large collection of regional and North American material, it also contains extensive collections from Europe, South America, the Caribbean Basin, Samoa, and China. Particular strengths of the herbarium are North American Sphagnum, South American and Caribbean Hepatics, North American Cladonia, and Trilliaceae.</para></abstract></collection></symbiota></metadata></additionalMetadata></eml:eml>
